ClienteID,Nombre,Email,FechaNacimiento,Genero
1,Gregory Pruitt,kenneth41@davis.biz,1960-11-14,F
2,Brandi Bryant,qstanton@gmail.com,1990-07-18,M
3,Thomas Wells,vallen@adams.biz,2000-03-22,F
4,Cody Moran,phelpsdanny@hotmail.com,1976-07-03,M
5,Mike Porter,harrisjulie@hotmail.com,1984-02-09,F
6,Michael Roy,derekjohnson@steele-mccoy.com,1989-09-04,M
7,Ms. Melissa Fischer,lauren95@kirby.net,1977-07-06,M
8,Robin Robinson,simmonsmark@gmail.com,1979-11-20,F
9,Danielle Moody,allisontrevor@skinner-sosa.com,1972-05-24,M
10,Michael Lee,debramitchell@hotmail.com,1984-08-26,F
11,Kelly Clark,gillwilliam@byrd.org,1989-12-24,F
12,Isabel Chen,gordonthomas@yahoo.com,2006-03-18,F
13,Anna Sutton,troy44@williamson.com,1970-09-01,M
14,Emma Andrade,dsnow@salas.com,1995-01-20,F
15,Ryan Richmond,hardyangela@jensen.biz,1959-05-10,M
16,Natalie Krause,francis55@yahoo.com,1989-10-10,F
17,Rachel Werner,icarter@gmail.com,1994-12-12,F
18,Gregory Whitney,fturner@mclaughlin-flores.net,1969-07-16,M
19,Brandi Smith,jessebell@hotmail.com,2002-11-27,M
20,Michael Perez,monique39@young.com,1963-09-15,F
21,Rebecca Solis,cooklisa@gmail.com,2005-11-28,M
22,Susan Marshall,shanestephens@yahoo.com,1957-10-11,F
23,Angela Miller,kingamy@wilson-jimenez.biz,1976-01-06,M
24,Cynthia Patel,simpsonjessica@hotmail.com,1971-09-18,F
25,Nathan Lee,jaimemorris@klein-jenkins.info,1989-09-03,M
26,Adam Stone,middletondebbie@hotmail.com,1964-05-03,F
27,Christopher Moran,vtaylor@gmail.com,2000-02-02,F
28,Travis Davis,rogersrobert@gmail.com,2001-12-02,M
29,Christopher Fisher,ryan18@franco-jones.com,1973-12-24,F
30,Regina Montoya,maysrebecca@gomez.com,2002-09-27,M
31,Kimberly Sullivan,scottpatrick@livingston.net,1982-08-18,F
32,Benjamin Barker,andersonashley@yahoo.com,2001-05-27,F
33,James Cuevas,wcarter@yahoo.com,1978-12-16,F
34,Ronald Bruce,anthonymills@yahoo.com,1956-09-12,F
35,Christy Johnston,qmiller@gmail.com,1971-02-25,F
36,Ann Lopez,acurry@lopez.com,1975-01-18,F
37,Christine Smith,qdouglas@ellison.com,1995-12-28,M
38,Corey Gilmore,browndavid@griffin-thornton.com,1972-09-01,M
39,Jonathan Martinez,maxwelldustin@hotmail.com,1959-02-01,M
40,Carrie Brown,tina76@yahoo.com,1955-11-15,F
41,Kimberly Cooper,amelton@avery.com,1999-08-31,F
42,Daniel Phillips,ashleydominguez@gmail.com,1986-04-03,F
43,Gabriel Escobar,akennedy@long.biz,1955-06-20,F
44,Tyler Nelson,josephlandry@yahoo.com,2001-02-16,F
45,Patrick Higgins,edwardmitchell@gmail.com,2005-05-28,F
46,Laura Houston,mark05@gmail.com,1986-05-14,M
47,Christopher Taylor,catherine95@hotmail.com,1954-07-21,M
48,Joshua Carter,pchavez@young-mcdonald.net,1959-12-24,M
49,Steven English,christyfreeman@yahoo.com,2005-02-10,M
50,Pamela Weeks,washingtonjack@yahoo.com,1984-08-05,F
51,Kevin Quinn DVM,jsmith@hotmail.com,1962-11-22,M
52,Shirley Murphy,zfranklin@villarreal.biz,1996-07-11,M
53,Tony Pham,kingtyler@gmail.com,1983-10-13,M
54,Alexa Collins,matthew95@woods.info,1980-03-01,F
55,Mrs. Kaitlin Jackson,rmorales@gmail.com,1972-06-10,M
56,Richard Patton,ujones@hotmail.com,1981-11-22,F
57,Rachel Decker,brian10@mcguire-woodard.com,1980-04-03,F
58,Brandon Beck,xthompson@torres.com,1957-04-06,M
59,Wanda Williams,sandrasanders@hernandez-johnson.com,2004-12-17,M
60,Jessica Diaz,leslie77@gmail.com,1954-12-23,M
61,Joseph Welch,bernardstephen@hotmail.com,2002-03-23,M
62,Randy Flores,jennifer79@price.com,2006-04-02,M
63,Jeremy Ramirez,scott99@woods.com,1958-12-25,F
64,Michael Anderson,bethmcdaniel@hotmail.com,1989-05-30,F
65,Darrell Andrews,vincentcooper@hughes.com,1961-01-12,M
66,Earl Mckinney,john86@gmail.com,1980-01-07,M
67,Cody Parsons,mandrews@stewart.org,2003-02-11,M
68,Dr. Cameron Morrison DDS,bgillespie@archer-robinson.com,2004-12-15,F
69,Nathan Graves,psanders@howard.com,1981-02-04,F
70,Allen Bowman,masonedward@hotmail.com,1972-03-09,M
71,Emily Hernandez,mandy99@williams.com,1987-07-10,F
72,James Best,amyatkinson@gmail.com,2003-03-06,M
73,Gregory Medina,grogers@gmail.com,1986-04-26,M
74,Michael Schultz,jasongarcia@yahoo.com,1997-07-12,M
75,Joseph Curry,marilyn58@walker.net,1965-09-30,F
76,Daniel Hays,curtis17@hotmail.com,2003-03-29,M
77,Troy Gonzalez,qsherman@dickerson-thomas.com,1971-04-26,M
78,Travis Smith,peter50@chaney.com,1965-05-06,M
79,Julie Cox,andrea39@meyer.com,1986-02-24,M
80,Jeffrey Allen,tgonzalez@hotmail.com,1962-01-23,F
81,Katherine Thompson,natashacarter@hotmail.com,1954-12-07,F
82,Melissa Herrera,gonzalesalexander@yahoo.com,1982-04-28,F
83,Angela Pennington,dawnsherman@hotmail.com,1960-05-16,F
84,Anthony Vargas,emily26@hotmail.com,2005-10-29,F
85,Shelby Day,william26@bell.com,2001-12-26,F
86,James Lowery,xsantana@yahoo.com,2005-06-26,F
87,Zachary Ross,bwilkinson@shaw-gomez.biz,1959-10-29,F
88,Tina Thompson,rogersrichard@hotmail.com,1958-01-10,M
89,Steven Oconnor,josephgarcia@hotmail.com,1963-08-17,M
90,Tyler Mccoy,daniel82@francis.biz,2006-04-19,M
91,Marissa Preston,jacksonamy@sanders.org,1986-04-20,M
92,Stacey French,mccarthykathleen@yahoo.com,1966-02-22,M
93,Matthew Wallace,progers@gmail.com,1972-08-14,M
94,Madeline Stanton,andersenteresa@weaver-frank.com,1990-07-21,M
95,Katie Goodwin,anthonyhaynes@payne-jennings.com,1997-06-01,F
96,Stephanie Brown,coxlee@yahoo.com,1988-07-15,F
97,Kenneth Schmidt,wyattchristopher@massey.com,2004-03-14,F
98,Kendra Ramirez,lance44@fox.com,1984-03-18,F
99,Mackenzie Willis,daniel54@ibarra.info,1956-02-24,F
100,Lisa Rose,randallsally@salinas-harris.net,1983-08-30,M
101,Robert Strong,julia55@hotmail.com,1953-12-22,M
102,Katherine Dominguez,saunderslaura@gmail.com,1984-10-28,F
103,Charles Becker,colemanmichael@peck-terry.com,1983-12-16,F
104,Claudia Woods,kenneth68@nelson.com,1961-06-20,M
105,Juan Martin,jeffrey56@washington.com,1968-03-23,M
106,Deborah Garcia,trujilloalexander@gutierrez-snyder.com,1988-03-31,M
107,David Hill,kristen31@hotmail.com,1972-01-31,M
108,Sean Faulkner,madison54@thomas-murray.com,1969-02-09,F
109,Taylor Lam,hharris@gmail.com,1995-11-20,M
110,Gloria Acevedo,erikmiles@hotmail.com,2004-04-07,M
111,Jamie Delacruz,robert47@yahoo.com,1971-01-07,M
112,Evan Chavez,pharris@gmail.com,1987-12-16,M
113,John Perez,whitemaria@yahoo.com,1976-05-11,M
114,Peter Walker,andersonkevin@gmail.com,1953-12-02,F
115,James Harris,ayalajessica@yahoo.com,1971-12-15,M
116,Richard Morgan,ihowe@yahoo.com,1956-05-22,M
117,Lisa Nunez,mezalaura@yahoo.com,1979-11-01,F
118,Patrick Banks,callahanmargaret@gmail.com,1987-09-26,F
119,Danielle Alvarado,jenniferavila@ray.com,1977-07-29,M
120,Ricky Reeves,cynthia82@hotmail.com,1981-11-08,M
121,Kayla Wallace,lukefisher@wilson-greene.com,1966-01-18,F
122,Chase Conley,pfields@yahoo.com,1996-04-10,F
123,Andrew Brewer,carlospadilla@hotmail.com,1978-12-20,F
124,Justin Johnson,carolball@beard.com,1994-11-07,M
125,Haley Reyes,paul57@gmail.com,1979-11-09,F
126,Jason Wilson,bradleygreer@gmail.com,1957-03-22,M
127,Laura Wright,danielparks@yahoo.com,1978-01-26,F
128,Sarah Vazquez,ericaweber@barr.com,1984-02-01,M
129,Rachel Reyes,robin80@hunter.com,1970-05-07,F
130,Angelica Sanchez,xgreen@yahoo.com,2001-02-28,F
131,Zachary Simmons,morganmatthew@gmail.com,1959-02-16,F
132,Joshua Novak,dboyd@zimmerman.net,1986-06-16,M
133,Erica Hernandez,karenrodriguez@hotmail.com,1990-04-05,M
134,Jordan Benjamin,jonathandaniel@gmail.com,2000-12-25,M
135,Donna Jones,michellepatterson@walker.info,1983-06-30,F
136,Jamie Chapman,aaronmorgan@beck.com,1983-12-02,M
137,Miguel Smith,rhodeskaren@joseph.com,2005-04-06,F
138,Sarah Smith,jamesjackson@cox-kane.com,1998-12-30,F
139,Toni Elliott,mavila@yahoo.com,1954-12-02,M
140,Paula Taylor,pamelajohnson@turner.org,1996-04-10,F
141,Melissa Jones,udavis@dean-pham.com,1971-07-07,M
142,Carol Smith,mwilliams@perez.com,2004-06-22,F
143,Kristin Alvarado,perrysingh@warren.com,1953-12-26,M
144,Holly Collins,heatherwhitehead@yahoo.com,1968-08-30,F
145,Jessica Cline,pbarnes@woods-rush.com,1964-07-13,F
146,Lee Dougherty,garciasteven@stuart.com,1997-07-25,M
147,Logan Johnson,marcusklein@carlson-jimenez.org,1981-09-24,M
148,Lee Steele,johnstonsarah@mccormick-hughes.biz,1976-11-02,F
149,Kathryn Johnson,michael31@gmail.com,2002-07-24,M
150,Angela Padilla,nicholas61@hotmail.com,1984-12-08,F
151,David Hicks,robert06@graham.com,1967-06-10,F
152,Manuel Smith,lee73@yahoo.com,1970-07-31,F
153,Nathan Lopez,pfisher@hotmail.com,1967-06-08,M
154,Todd Andrade,jmason@cooke-clark.com,1989-07-13,M
155,James Oconnor,vmichael@berg.biz,1988-06-04,F
156,Richard Crawford,pricesavannah@hotmail.com,1984-12-28,F
157,Mary Love,cherylhernandez@robinson.biz,1973-10-28,F
158,Ralph Clark,ruth75@gmail.com,2006-09-05,F
159,Barbara Barton,karijohnson@yahoo.com,2003-06-18,F
160,Jack Rogers,kellisnyder@gmail.com,1975-12-17,F
161,Julie Johnson,lewisautumn@caldwell-palmer.info,1966-06-15,F
162,Daniel Adams,davidjones@wilson.com,2006-02-22,M
163,Travis Hall,wilsonjennifer@williams.biz,1966-03-26,F
164,Emily Gray,cynthiaburnett@wilson-dudley.org,1993-04-08,F
165,James Levy,vanessa30@hotmail.com,1954-08-03,M
166,Stacy Hughes,diazreginald@gmail.com,1961-07-04,F
167,Rebecca Cooper,kjames@sanchez-caldwell.info,2000-07-23,M
168,Patrick Stein,zsmith@gmail.com,1970-08-20,M
169,Richard Morris,kellywright@mitchell.com,2004-04-08,M
170,Bonnie Ball,amanda90@yahoo.com,1998-11-17,M
171,Dustin Smith,bperry@gmail.com,1962-04-10,F
172,Manuel Hopkins MD,christopherphillips@sparks-horn.org,1968-07-06,M
173,Elizabeth Carpenter,thaynes@hotmail.com,1968-03-30,M
174,James Morgan,frogers@arias.com,2000-07-18,M
175,Chad Franklin,masonlaura@bautista-costa.com,1958-06-06,F
176,Bradley Morris,jorgetorres@hancock-weaver.info,1955-02-10,F
177,Sarah Jones,joseph09@yahoo.com,2006-08-10,F
178,Terry Hawkins,ronald73@gmail.com,1981-03-20,F
179,Jerry Collins,alicia34@mills-robinson.com,1984-10-08,M
180,John Marquez,scottmartin@crane-yates.com,1992-04-06,M
181,Ashley Lee,gjones@wilson.net,1971-03-01,F
182,April James,lauriecoleman@keller-garcia.com,1973-10-03,F
183,Troy Hogan,ryan00@ryan.com,1957-12-30,M
184,Chris Paul,fwilkerson@conner-clay.com,1958-04-12,M
185,Heather Hale,rhodesalyssa@young-kim.com,2003-08-10,M
186,Jennifer Macdonald,changrichard@hotmail.com,2003-01-09,F
187,Christine Maldonado,devinclark@golden.net,1953-10-17,M
188,Mr. Henry Osborne,bvargas@navarro.org,1965-07-15,F
189,Austin Weaver,lewisscott@hill-baker.com,2000-07-01,F
190,Tammy Williams,smithchase@pineda-white.com,1964-03-07,F
191,Joshua Warren,dawn34@rogers.com,1955-07-17,F
192,Amy Gates,mhart@phelps.com,1978-01-03,M
193,Jennifer Johnson,hunterpaula@yahoo.com,1976-01-19,M
194,Taylor Schmidt,michaelfranklin@hotmail.com,1986-04-11,M
195,Shawna Patterson,millerglen@kirby.com,1982-06-19,M
196,Joseph White,hollyanderson@golden.com,1965-01-28,F
197,Jason Williams,ohardin@hotmail.com,1973-03-13,F
198,Robert Wang,phillip00@yahoo.com,2001-04-06,F
199,Carrie Cardenas,jerry72@hughes.com,1988-12-06,M
200,Joshua Harrison,billymack@hotmail.com,2005-06-25,M
201,Eric Howell,mreyes@lamb.com,2006-02-09,M
202,Zachary Perry,aaronmartin@sutton.com,1985-06-30,M
203,Jacob Blair,jacobhicks@nolan.com,1969-08-27,F
204,Keith Middleton,urodriguez@munoz.com,1972-05-03,F
205,Michael Brown,michael02@gonzalez.biz,1986-07-10,M
206,Karla Davis,kristinallen@hotmail.com,1995-02-03,F
207,Dana Ball,john05@yahoo.com,1987-09-12,M
208,Nicole Fuller,rmartinez@yahoo.com,1977-08-16,F
209,Melissa Saunders,osnyder@brock-hoffman.com,1964-07-03,F
210,Darren Lopez,smithdavid@yahoo.com,1957-03-01,F
211,Maria Houston,benjaminweaver@ho.com,1986-01-19,M
212,Dillon Martinez,ngarcia@yahoo.com,1961-03-23,F
213,Carrie Miller,kfox@berger-page.info,1961-04-19,F
214,Natasha Edwards,jesse13@lewis.com,1982-03-18,F
215,Deborah Boyle DVM,udecker@yahoo.com,1992-08-27,F
216,Steven Knox,nicholas32@johnson.com,1989-06-20,F
217,Kevin Ramirez,valeriehull@vargas.org,1958-10-17,M
218,Tracy Liu,nicole16@smith.biz,1983-06-20,M
219,Julie Ruiz,hsmall@reyes.info,1966-05-16,F
220,Leslie Murphy,kclark@yahoo.com,2000-05-16,F
221,Sarah Logan,justinbarron@hotmail.com,1992-05-18,M
222,Sarah Dalton,crystal47@gmail.com,1968-01-14,F
223,Shawn Hughes,anthony27@johnson.com,1954-08-31,M
224,Lance Vargas,andreahurley@pearson.net,1991-12-15,F
225,Brandon Smith,gonzalezmichael@gmail.com,1972-11-13,F
226,Tiffany Hunter,sherryhicks@yahoo.com,1991-05-16,M
227,Michael Walker,kayla59@kim.com,2004-01-17,M
228,Jerry Nelson,meyermelissa@yahoo.com,1967-06-06,F
229,Tony Terrell,stephen32@foster-mcmahon.com,1955-05-23,M
230,James Santos,williamsmichael@yahoo.com,2000-07-17,F
231,Mr. Thomas Young,brittanydavis@gmail.com,1998-12-25,F
232,Richard Hale,wilsonmanuel@yahoo.com,1974-04-26,F
233,Carolyn Deleon,collinsandrew@everett-sims.com,1994-03-20,F
234,William Anderson,ericnguyen@perez.com,1973-05-23,F
235,Stephen Thompson,ambernichols@hotmail.com,2002-09-30,M
236,Desiree Brewer,kelseyolson@johnson-gonzalez.com,1969-09-10,F
237,Jonathan Randall,pboyd@meadows.org,1969-08-07,F
238,Monica Mitchell,yesenia64@gmail.com,1991-09-01,M
239,Spencer Rodriguez,tracycordova@dickerson.com,1994-04-28,M
240,Daniel Patterson,jimenezpaul@gmail.com,1976-10-09,M
241,Patricia Webb,ucruz@hotmail.com,1972-10-03,M
242,Jamie Copeland,brian42@key-phillips.com,1959-08-16,F
243,Frank Mays,rileyedwin@valencia.com,1959-02-14,F
244,Phillip Johnson,triley@gmail.com,1959-10-02,M
245,Joshua Howard,april65@yahoo.com,1966-02-26,M
246,Jerry Mitchell,joshua31@yahoo.com,1996-05-14,M
247,Shawn Lindsey,jamie92@yahoo.com,1978-08-06,M
248,Dana Shaw,jmoss@oneal.com,1968-01-01,M
249,Jason Bartlett,kferguson@yahoo.com,1976-03-17,M
250,Laura Neal,icampbell@suarez-watts.com,2003-05-11,M
251,Matthew Peck,duartejeanette@baker.net,1981-08-22,M
252,Brittany Lee,william92@yahoo.com,1960-02-08,F
253,Jane Bird,wmckenzie@barrett-hernandez.com,1988-10-09,M
254,Brian Goodman,brandon40@hotmail.com,1977-03-24,M
255,Caitlyn Stephens,gilbertnicole@hotmail.com,1983-03-18,F
256,Alicia Robinson,elizabethwhite@mckay.com,1975-04-06,F
257,Brittany Bernard,garymartinez@wilson.com,1959-04-03,M
258,Roberto Brown,bradleyroger@martin.org,1982-09-01,M
259,Anthony Rodriguez,sdavis@yahoo.com,1976-07-07,M
260,Andrew Wright,fsmith@yu.com,2003-03-03,M
261,Jessica Whitehead,gwong@james-simmons.org,1996-06-26,M
262,Jonathan Greene,adriana36@miller.com,1954-11-24,M
263,Melissa Wheeler,thomas12@johnson-garner.biz,1979-01-08,F
264,David Gomez,pbutler@yahoo.com,1989-07-29,M
265,Megan Coleman,donaldsonkerri@hotmail.com,1998-08-21,M
266,Brandy Taylor,umartinez@yahoo.com,1994-03-23,F
267,Alicia Smith,charlotte52@yahoo.com,1975-11-09,M
268,Amber Rivera,ortiztiffany@thompson-meadows.com,1981-04-25,M
269,Michelle Lamb,brandon22@yahoo.com,1999-06-27,M
270,Jade Stanton,karen73@kelly.com,1997-12-10,F
271,Kenneth Koch,pedrorobinson@yahoo.com,1978-11-17,M
272,Craig Farrell,toddthomas@yahoo.com,1960-10-17,M
273,Stephanie Waters,josephkim@gregory.net,1999-11-24,F
274,Nichole Martin,brownjasmine@yahoo.com,1975-12-07,M
275,Christopher Williams,daniel63@gmail.com,1986-05-22,M
276,Charles Nicholson,hashley@yahoo.com,1994-06-03,M
277,Michelle Ray,meltonanne@schmidt.net,1961-10-29,F
278,Matthew York,juliezimmerman@cross-flowers.com,2005-02-22,M
279,Christopher Klein,fmartinez@acosta.com,1975-02-28,F
280,Brenda Carroll,wilkinsonjennifer@yahoo.com,1970-02-13,M
281,Christy Frazier,patricia17@brown.com,1994-12-15,F
282,James Glenn,tuckermichael@rowland.com,2003-11-06,M
283,Brandi Mason,theresa63@gmail.com,1968-07-07,F
284,Jacob Thomas,awilliams@pierce.com,2002-12-22,M
285,Mario Hughes,nvillarreal@smith-davis.info,1958-09-16,F
286,Robert Cook,lauren78@gmail.com,1963-03-24,M
287,Stacey Gonzales,danderson@edwards.net,1970-03-18,F
288,Scott Martin,brentmarshall@bowers.net,2002-10-20,M
289,Mark Castro,elizabethwilkerson@yahoo.com,1967-04-20,M
290,Robert Boyd,ssimmons@dixon-williams.com,2004-01-30,F
291,John Kim,linda01@hotmail.com,1962-05-07,F
292,Andrew Jones,ulopez@gmail.com,1983-08-18,M
293,Jennifer Gilbert,oclayton@hotmail.com,2004-06-11,F
294,Samantha Hughes,bridgescheryl@gmail.com,1976-02-28,F
295,Deborah Wright,dlee@gmail.com,2003-05-18,M
296,Rachel Castro,colevega@gmail.com,1992-06-25,F
297,Mrs. Alicia Little,phyllis59@key.com,1988-09-24,M
298,Michael Perry,gruiz@hotmail.com,1977-05-03,M
299,Brian Lambert,margaretmartin@coleman-jordan.com,2005-03-27,M
300,Zachary Gregory,dmitchell@hotmail.com,1982-07-05,M
